{
  "accuracy": 0.9482758620689655,
  "precision": 0.9466666666666667,
  "recall": 0.9726027397260274,
  "f1": 0.9594594594594594
}