{
  "accuracy": 0.9568965517241379,
  "precision": 0.9594594594594594,
  "recall": 0.9726027397260274,
  "f1": 0.9659863945578231
}